chain,resseq,bfactor
A,23,71.24666666666666
A,24,71.09714285714286
A,25,63.99888888888889
A,26,50.58625
A,27,64.42
A,28,59.72333333333333
A,29,39.15
A,30,34.1725
A,31,64.66777777777777
A,32,32.285833333333336
A,33,29.82375
A,34,46.84
A,35,61.97
A,36,67.78428571428572
A,37,73.73444444444445
A,38,51.544000000000004
A,39,56.300000000000004
A,40,45.04125
A,41,40.69428571428572
A,42,36.87285714285714
A,43,29.357142857142858
A,44,32.29
A,45,31.804999999999996
A,46,32.1375
A,47,30.7375
A,48,30.326
A,49,33.7325
A,50,30.083750000000002
A,51,46.5375
A,52,37.401428571428575
A,53,41.0425
A,54,43.901428571428575
A,55,54.622727272727275
A,56,44.715
A,57,62.50333333333333
A,58,67.88375
A,59,72.42888888888889
A,60,67.4075
A,61,64.84125
A,62,79.05666666666667
A,63,66.54
A,64,50.302
A,65,41.327777777777776
A,66,34.832857142857144
A,67,30.504285714285714
A,68,30.528
A,69,29.16
A,70,26.59875
A,71,31.28
A,72,36.70375
A,73,35.614
A,74,52.40888888888889
A,75,32.66
A,76,33.27375
A,77,41.0325
A,78,55.775454545454544
A,79,47.019999999999996
A,80,53.01888888888889
A,81,39.372
A,82,48.24625
A,83,38.71666666666667
A,84,34.309999999999995
A,85,34.61625
A,86,31.7425
A,87,33.82875
A,88,42.2275
A,89,44.85444444444445
A,90,32.22333333333333
A,91,32.37125
A,92,45.978571428571435
A,93,65.42090909090909
A,94,37.475
A,95,33.195
A,96,32.9
A,97,34.6
A,98,36.8225
A,99,33.465
A,100,32.70125
A,101,32.42142857142857
A,102,46.93555555555556
A,103,29.72
A,104,28.494999999999997
A,105,43.72666666666667
A,106,61.55111111111111
A,107,33.646
A,108,28.232
A,109,35.885555555555555
A,110,37.849999999999994
A,111,30.599999999999998
A,112,31.064
A,113,58.693333333333335
A,114,46.983333333333334
A,115,28.18625
A,116,35.74444444444444
A,117,29.212
A,118,36.260000000000005
A,119,34.56
A,120,50.89888888888889
A,121,57.34125
A,122,38.81666666666667
A,123,36.665
A,124,36.8975
A,125,31.49285714285714
A,126,33.70636363636363
A,127,30.221249999999998
A,128,26.22714285714286
A,129,30.395
A,130,32.7775
A,131,28.3325
A,132,28.0375
A,133,24.055
A,134,26.045
A,135,28.222857142857144
A,136,29.35
A,137,28.62857142857143
A,138,27.622500000000002
A,139,25.425
A,140,30.012
A,141,31.94142857142857
A,142,29.804285714285715
A,143,32.15714285714286
A,144,33.838
A,145,50.23444444444445
A,146,35.06375
A,147,37.580000000000005
A,148,49.90111111111111
A,149,55.01555555555555
A,150,35.35375
A,151,42.1425
A,152,36.844
A,153,34.915
A,154,35.19142857142857
A,155,35.605714285714285
A,156,33.72
A,157,32.56142857142857
A,158,29.645714285714288
A,159,33.07285714285714
A,160,38.10625
A,161,32.04857142857143
A,162,30.677272727272726
A,163,38.75428571428571
A,164,48.65875
A,165,32.45
A,166,35.5275
A,167,47.57555555555555
A,168,31.65285714285714
A,169,35.730909090909094
A,170,37.38625
A,171,45.34777777777778
A,172,40.65625
A,173,31.53
A,174,40.2475
A,175,49.64333333333333
A,176,37.66
A,177,35.121249999999996
A,178,55.06
A,179,50.25636363636364
A,180,38.582499999999996
A,181,54.556666666666665
A,182,54.96777777777778
A,183,46.108999999999995
A,184,33.60142857142857
A,185,36.4175
A,186,41.70285714285715
A,187,33.12
A,188,32.78857142857143
A,189,41.42428571428571
A,190,35.948750000000004
A,191,40.65428571428571
A,192,38.3225
A,193,42.946666666666665
A,194,46.27111111111111
A,195,48.6625
A,196,52.11545454545455
A,197,62.57777777777778
A,198,55.6175
A,199,77.14285714285714
A,200,90.20142857142858
A,201,98.3125
A,202,91.19875
A,203,89.74000000000001
A,204,93.08500000000001
A,205,94.11222222222221
A,206,77.84
A,207,68.172
A,208,52.73545454545455
A,209,59.34444444444445
A,210,50.96857142857142
A,211,49.566
A,212,48.9925
A,213,58.62777777777777
A,214,45.065714285714286
A,215,53.78875
A,216,54.45375
A,217,60.8875
A,218,41.934000000000005
A,219,34.38428571428572
A,220,43.53333333333333
A,221,41.8725
A,222,39.87375
A,223,42.17857142857143
A,224,52.11222222222222
A,225,38.24875
A,226,48.5025
A,227,54.56
A,228,58.67888888888889
A,229,71.6275
A,230,70.75750000000001
A,231,67.26125
A,232,69.37375
A,233,78.77
A,234,61.25285714285714
A,235,65.335
A,236,49.557272727272725
A,237,47.65
A,238,57.83625
A,239,44.72714285714286
A,240,41.84444444444445
A,241,44.553999999999995
A,242,49.862857142857145
A,243,47.04625
A,244,48.82
A,245,73.0025
A,246,55.31
A,247,51.1575
A,248,49.215
A,249,42.422000000000004
A,250,42.60375
A,251,48.335
A,252,45.375
A,253,57.655
A,254,70.09
A,255,84.3111111111111
A,256,91.14666666666666
A,257,96.63
A,258,91.93833333333333
A,259,97.76
A,260,96.17666666666668
A,261,68.52090909090909
A,262,81.024
A,263,90.99333333333334
A,264,91.51777777777778
A,265,75.264
A,266,73.08857142857143
A,267,70.66833333333334
A,268,66.85125
A,269,54.46
A,270,54.41875
A,271,66.3875
A,272,58.39333333333334
A,273,52.707142857142856
A,274,43.75
A,275,45.115
A,276,63.94375
A,277,60.537142857142854
A,278,71.295
A,279,58.205
A,280,74.85125000000001
A,281,70.83
A,282,64.438
A,283,66.47571428571429
A,284,46.6125
A,285,41.244
A,286,41.09625
A,287,49.49625
A,288,45.999
A,289,62.06714285714286
A,290,73.22625
A,291,78.1
A,292,84.19428571428571
A,293,94.65888888888888
A,294,88.09625
A,295,77.44624999999999
A,296,81.37571428571428
A,297,83.515
A,298,87.72111111111111
A,299,68.55333333333334
A,300,60.794000000000004
A,301,67.07636363636364
A,302,68.32444444444444
A,303,56.237142857142864
A,304,49.19428571428572
A,305,59.534000000000006
A,306,60.24
A,307,59.457142857142856
A,308,70.48166666666667
A,309,73.43833333333333
A,310,85.04636363636364
A,311,65.09875
A,312,74.91125
A,313,78.28571428571429
A,314,88.55
A,315,77.276
A,316,67.70142857142858
A,317,52.66875
A,318,53.55375
A,319,62.14214285714286
A,320,47.9025
A,321,53.788
A,322,60.31857142857143
A,323,77.13
A,324,94.5875
A,325,99.34777777777778
A,326,99.6225
A,327,99.185
A,328,99.64666666666668
A,329,97.68625
A,330,88.62428571428572
A,331,76.90142857142857
A,332,77.96636363636364
A,333,59.451428571428565
A,334,42.065
A,335,41.8475
A,336,38.029999999999994
A,337,41.5225
A,338,36.51142857142857
A,339,47.765
A,340,44.49142857142857
A,341,49.425555555555555
A,342,66.74666666666666
A,343,75.91272727272727
A,344,61.49
A,345,74.75777777777779
A,346,64.37272727272727
A,347,58.378571428571426
A,348,62.901250000000005
A,349,52.07285714285714
A,350,46.965
A,351,49.52125
A,352,65.87666666666667
A,353,64.0490909090909
A,354,66.39222222222222
A,355,89.75222222222222
A,356,88.91625
