chain,resname,resseq,hetflag
A,GDP,999,H_GDP
A,HOH,400,W
A,HOH,402,W
A,HOH,404,W
A,HOH,405,W
A,HOH,406,W
A,HOH,407,W
A,HOH,408,W
A,HOH,409,W
A,HOH,410,W
A,HOH,411,W
A,HOH,412,W
A,HOH,413,W
A,HOH,414,W
A,HOH,415,W
A,HOH,416,W
A,HOH,417,W
A,HOH,418,W
A,HOH,419,W
A,HOH,420,W
A,HOH,422,W
A,HOH,423,W
A,HOH,424,W
A,HOH,425,W
A,HOH,427,W
A,HOH,428,W
A,HOH,429,W
A,HOH,430,W
A,HOH,431,W
A,HOH,433,W
A,HOH,440,W
A,HOH,441,W
A,HOH,442,W
A,HOH,444,W
A,HOH,445,W
A,HOH,446,W
A,HOH,447,W
A,HOH,448,W
A,HOH,449,W
A,HOH,450,W
A,HOH,451,W
A,HOH,453,W
A,HOH,456,W
A,HOH,459,W
A,HOH,461,W
A,HOH,463,W
A,HOH,464,W
A,HOH,465,W
A,HOH,466,W
A,HOH,468,W
A,HOH,469,W
A,HOH,470,W
A,HOH,471,W
A,HOH,472,W
A,HOH,473,W
A,HOH,474,W
A,HOH,475,W
A,HOH,478,W
A,HOH,479,W
A,HOH,480,W
A,HOH,481,W
A,HOH,483,W
A,HOH,484,W
A,HOH,485,W
A,HOH,486,W
A,HOH,487,W
A,HOH,488,W
A,HOH,489,W
A,HOH,490,W
A,HOH,491,W
A,HOH,493,W
A,HOH,494,W
A,HOH,495,W
A,HOH,496,W
A,HOH,498,W
A,HOH,499,W
A,HOH,501,W
A,HOH,503,W
A,HOH,504,W
A,HOH,505,W
A,HOH,506,W
A,HOH,507,W
A,HOH,508,W
A,HOH,509,W
A,HOH,510,W
A,HOH,513,W
A,HOH,514,W
A,HOH,515,W
A,HOH,517,W
A,HOH,519,W
A,HOH,520,W
A,HOH,521,W
A,HOH,522,W
A,HOH,523,W
A,HOH,524,W
A,HOH,525,W
A,HOH,526,W
A,HOH,527,W
A,HOH,528,W
A,HOH,529,W
A,HOH,530,W
A,HOH,531,W
A,HOH,532,W
A,HOH,533,W
A,HOH,534,W
A,HOH,535,W
A,HOH,536,W
A,HOH,537,W
A,HOH,538,W
A,HOH,539,W
A,HOH,540,W
A,HOH,541,W
A,HOH,542,W
A,HOH,543,W
A,HOH,544,W
A,HOH,545,W
A,HOH,546,W
