residueNumber,pLDDT,category
1,42.72,D
2,43.59,D
3,37.78,D
4,45.91,D
5,39.31,D
6,39.28,D
7,39.38,D
8,39.34,D
9,41.38,D
10,45.91,D
11,49.72,D
12,54.41,L
13,54.69,L
14,49.94,D
15,61.88,L
16,54.31,L
17,57.62,L
18,68.06,L
19,61.56,L
20,71.25,M
21,72.06,M
22,73.62,M
23,73.44,M
24,75.5,M
25,77.12,M
26,64.25,L
27,63.16,L
28,57.66,L
29,47.53,D
30,38.94,D
31,42.94,D
32,36.06,D
33,34.41,D
34,38.0,D
35,36.53,D
36,38.16,D
37,34.25,D
38,39.66,D
39,36.31,D
40,38.16,D
41,39.56,D
42,42.16,D
43,38.84,D
44,35.19,D
45,39.97,D
46,36.78,D
47,37.94,D
48,48.47,D
49,46.56,D
50,46.84,D
51,44.84,D
52,44.62,D
53,43.28,D
54,38.81,D
55,39.66,D
56,39.97,D
57,42.28,D
58,44.41,D
59,41.62,D
60,47.0,D
61,46.56,D
62,43.28,D
63,46.5,D
64,40.22,D
65,42.22,D
66,53.0,L
67,43.44,D
68,41.75,D
69,42.06,D
70,41.16,D
71,55.06,L
72,48.25,D
73,48.28,D
74,50.25,L
75,49.47,D
76,51.16,L
77,47.44,D
78,48.34,D
79,46.91,D
80,51.72,L
81,50.84,L
82,54.31,L
83,52.22,L
84,52.75,L
85,53.72,L
86,51.03,L
87,47.62,D
88,54.53,L
89,51.16,L
90,58.81,L
91,57.53,L
92,64.25,L
93,62.84,L
94,75.81,M
95,87.19,M
96,91.94,H
97,94.0,H
98,95.25,H
99,95.62,H
100,94.5,H
101,96.19,H
102,97.5,H
103,98.12,H
104,97.69,H
105,96.69,H
106,97.12,H
107,97.56,H
108,97.25,H
109,98.25,H
110,97.81,H
111,98.19,H
112,96.88,H
113,97.5,H
114,93.88,H
115,88.88,M
116,90.06,H
117,90.94,H
118,93.06,H
119,93.44,H
120,88.81,M
121,92.69,H
122,96.19,H
123,97.19,H
124,97.62,H
125,98.06,H
126,98.19,H
127,97.38,H
128,95.94,H
129,95.0,H
130,96.25,H
131,97.44,H
132,98.25,H
133,98.44,H
134,98.56,H
135,98.31,H
136,98.12,H
137,97.12,H
138,95.75,H
139,96.81,H
140,97.19,H
141,97.69,H
142,97.5,H
143,98.31,H
144,97.88,H
145,98.12,H
146,98.12,H
147,97.88,H
148,97.0,H
149,96.19,H
150,96.31,H
151,97.19,H
152,96.88,H
153,96.69,H
154,96.88,H
155,98.38,H
156,98.25,H
157,98.56,H
158,98.56,H
159,98.62,H
160,98.38,H
161,98.31,H
162,98.0,H
163,98.31,H
164,97.56,H
165,95.25,H
166,94.25,H
167,94.69,H
168,94.69,H
169,94.69,H
170,95.25,H
171,95.69,H
172,96.31,H
173,97.12,H
174,95.12,H
175,96.62,H
176,96.5,H
177,95.19,H
178,94.88,H
179,94.25,H
180,93.31,H
181,91.62,H
182,84.06,M
183,68.81,L
184,70.25,M
185,68.44,L
186,70.0,M
187,76.19,M
188,82.12,M
189,90.94,H
190,92.94,H
191,93.62,H
192,93.69,H
193,96.0,H
194,97.31,H
195,97.81,H
196,96.69,H
197,96.75,H
198,93.0,H
199,90.0,H
200,90.19,H
201,91.56,H
202,94.94,H
203,96.0,H
204,96.25,H
205,96.81,H
206,95.88,H
207,95.12,H
208,94.0,H
209,91.56,H
210,91.56,H
211,93.19,H
212,94.38,H
213,96.38,H
214,97.19,H
215,97.88,H
216,97.81,H
217,97.94,H
218,97.88,H
219,97.88,H
220,97.69,H
221,96.31,H
222,95.88,H
223,96.19,H
224,95.19,H
225,95.31,H
226,94.5,H
227,94.62,H
228,93.94,H
229,95.38,H
230,96.88,H
231,97.25,H
232,97.94,H
233,97.56,H
234,98.12,H
235,97.19,H
236,98.0,H
237,96.88,H
238,97.25,H
239,98.19,H
240,98.25,H
241,97.81,H
242,97.44,H
243,96.62,H
244,93.75,H
245,94.81,H
246,97.12,H
247,97.5,H
248,97.25,H
249,97.81,H
250,98.06,H
251,98.56,H
252,98.44,H
253,98.62,H
254,98.62,H
255,98.69,H
256,98.69,H
257,98.56,H
258,98.5,H
259,97.44,H
260,96.38,H
261,96.31,H
262,94.56,H
263,96.94,H
264,98.0,H
265,98.31,H
266,98.19,H
267,98.62,H
268,98.25,H
269,98.19,H
270,98.5,H
271,98.5,H
272,98.69,H
273,98.56,H
274,98.69,H
275,98.12,H
276,97.44,H
277,97.12,H
278,98.0,H
279,97.31,H
280,96.88,H
281,97.31,H
282,97.5,H
283,96.38,H
284,96.25,H
285,96.62,H
286,96.12,H
287,95.25,H
288,93.69,H
289,92.12,H
290,91.38,H
291,89.19,M
292,81.5,M
293,67.06,L
294,56.25,L
295,44.16,D
296,49.81,D
297,47.94,D
298,39.03,D
299,47.84,D
300,44.44,D
301,49.06,D
302,41.88,D
303,42.88,D
304,45.09,D
305,47.53,D
306,41.47,D
307,42.34,D
308,51.88,L
309,41.66,D
310,47.09,D
311,39.53,D
312,45.59,D
313,42.69,D
314,43.88,D
315,38.94,D
316,47.0,D
317,45.47,D
318,45.66,D
319,47.97,D
320,48.91,D
321,49.97,D
322,50.19,L
323,53.09,L
324,70.0,M
325,77.69,M
326,86.75,M
327,87.75,M
328,91.0,H
329,93.19,H
330,94.44,H
331,95.81,H
332,96.12,H
333,96.5,H
334,95.38,H
335,95.31,H
336,95.56,H
337,94.81,H
338,97.06,H
339,95.94,H
340,95.12,H
341,97.06,H
342,94.75,H
343,95.25,H
344,95.94,H
345,95.56,H
346,92.12,H
347,93.88,H
348,92.56,H
349,89.06,M
350,86.5,M
351,89.12,M
352,87.88,M
353,82.88,M
354,80.12,M
355,79.81,M
356,66.38,L
357,58.91,L
358,45.97,D
359,47.47,D
360,36.47,D
361,32.78,D
362,35.94,D
363,37.88,D
364,37.66,D
365,37.81,D
366,37.56,D
367,43.0,D
368,39.5,D
369,38.91,D
370,43.03,D
371,37.72,D
372,44.09,D
373,40.38,D
374,36.28,D
375,39.81,D
376,36.47,D
377,41.81,D
378,44.5,D
379,45.5,D
380,44.91,D
381,45.53,D
382,47.12,D
383,38.56,D
384,51.53,L
385,47.97,D
386,42.88,D
387,50.88,L
388,43.41,D
389,58.19,L
390,50.69,L
391,41.81,D
392,52.94,L
393,49.62,D
